uniqueProcessMetaDataId,version,processMetaDataId,name
null,3,PMD_c9890c05-3892-468c-854d-4218a189a674,test
null,9,PMD_b7bbf27f-9ff2-4066-9095-7c28560813d8,Account_In_Seasonal
null,DRAFT,PMD_e7834152-3d88-4932-8564-d4167ea9b9d8,Device_Has_Seasonal_Bootfile
null,3,PMD_dd1682f6-6744-4e34-8130-5e0b6e8bb4a2,AddAlternateEmail
null,1,PMD_19baa7f9-2a36-4e6a-8049-f428c4534854,AddMobileNumber
null,1,PMD_a3715038-c119-42d4-834d-0af50bc1b0f5,CreateAccountPin
null,1,PMD_a353645d-fa56-43e8-b0ec-1fdd2a67ca81,TakeAPayment
null,1,PMD_9fae482f-43d1-48f0-a32f-04553c24141e,EnrollInAutoPay
null,2,PMD_0739d4d8-8f1d-46ae-80c8-70965b83335f,Ticket_Test2
null,2,PMD_e3043fd3-cdf1-4c59-a9a9-2440b2c1a03d,This_is_a_test
null,2,PMD_b1656ac8-83eb-4b1c-99f9-64327a128a23,TEST_NAME
null,9,PMD_7856375a-7f6d-4d8c-bd65-c73ff848ed4a,Non_Pay_Hard_Disconnect
null,14,PMD_31972e2b-7829-4621-8274-0ab570b9ca15,Ticketing_Test
null,2,PMD_67874799-abad-4915-950e-b273de5846d6,Incorrect_Bootfile_Test
null,2,PMD_5b6e0112-a245-4c32-adc9-b49e3bab97e3,Device_Has_Bootfile_Issue
null,17,PMD_8ca34bca-6b9b-4d83-b17e-16836b8e041d,Incorrect_Bootfile_New
null,1,PMD_06a47e50-b300-49e4-a26b-b86817b053ff,UiControlsTreatment
null,1,PMD_de854920-335f-4676-95ef-d53180bfca27,UIControlsTreatment
null,1,PMD_63b1f2fd-e3d2-4f77-b20f-0b712c26e7b9,UIControlsTreatment1
null,1,PMD_417789bd-63ee-4931-bc2d-dc1c11f04aad,UIControlsTreatment2
PMD_da3f4cb7-b1b9-46bc-9e7a-e11ac6158cc3,1,PMD_da3f4cb7-b1b9-46bc-9e7a-e11ac6158cc3,File_Pdf
PMD_ba33afc1-859c-449d-974b-4e5a6ad40e7a,1,PMD_ba33afc1-859c-449d-974b-4e5a6ad40e7a,File2_pdf
null,5,PMD_ee7b14a7-c45c-4f1e-a232-aa54cd559569,EnrollInEcoBill
null,1,PMD_ba6645f5-375f-41dd-8808-5794e93f108a,DownloadtheMyAccountApp
null,1,PMD_2cb59ae0-e3e3-4320-a148-3f9fc0d3d786,CreatePrimaryUserId
null,1,PMD_07203d4f-7149-4e38-aa76-c8bf7a8066f3,Outages
null,1,PMD_1ceb8b5c-856b-49e8-a176-1cef9d20b17f,ViewOutages
null,1,PMD_69d343af-e670-40fc-9e80-7570b0d92229,CreateUserId
null,2,PMD_9bd47a8c-5826-438a-8412-894450a60cda,Ticket_Test
null,8,PMD_756675c9-b5f2-4e0f-a131-593fdd89e210,Non_Pay_Soft_Disconnect
null,53,PMD_a5718520-7f14-4aaf-92e0-ee5c75599035,Incorrect_Bootfile
null,DRAFT,PMD_513bd258-520c-47d9-b0b2-4e9dd7b5993b,testqa1
null,DRAFT,PMD_c251d37c-3ade-481d-9baa-71a6e1f1c0bb,Incorrecr_Bootfile_Updated
null,1,PMD_b0d092ab-d942-4ecf-a2a9-04b4186c2c9f,Upgrade_Services
null,1,PMD_a4045307-2aa7-4f62-8fb9-c233a745dc1a,TPCI1
null,2,PMD_ef614b0b-d178-4eba-8e9c-1de165a78cda,My_Treatment
null,DRAFT,PMD_8c09ed23-db7c-4af4-b1a5-d9de268e6679,ServiceTP
null,1,PMD_740593bd-2449-4e65-b191-79666dd96ea4,INT_Test
null,1,PMD_0236a788-5e01-4c07-bd75-05688236b4d5,A_Atom
null,DRAFT,PMD_dfa779b8-d2e6-4370-b54f-c09985554e9d,B_Bottom
null,DRAFT,PMD_b7c4dd20-3b9b-4a6a-8b55-ce441ca5a8af,saveAs
null,DRAFT,PMD_1aa3d99e-9065-4e50-9626-1b25c3148727,qa1
null,1,PMD_a8b0618a-4f0b-4abd-a5e5-094558d01e09,IN
null,1,PMD_cacc3989-4b49-467a-a492-f9ff356dff4d,ValidateUIControls
PMD_0ea5e6ec-2eb1-4851-a493-dd4f9988c815,DRAFT,PMD_0ea5e6ec-2eb1-4851-a493-dd4f9988c815,Dashboard_Testing_TP
PMD_8d715db5-f331-4797-bf86-90fcedc48121,DRAFT,PMD_8d715db5-f331-4797-bf86-90fcedc48121,Dashboard_Test_TP
PMD_20b60159-11c4-46f5-bfa7-71db8376128f,DRAFT,PMD_20b60159-11c4-46f5-bfa7-71db8376128f,Dashboard_Test
null,2,PMD_1ca77749-c154-4315-8261-42073aed2209,NonPayHardDisconnect
null,5,PMD_ebdb1840-6f18-49e1-a6de-e5001c818cd0,NonPaySoftDisconnect
null,3,PMD_e6d7f49c-b1a1-4396-afa2-f6ef468398fc,AccountInSeasonal
PMD_fef24cff-756c-49bd-8b2d-ae055a67d175,DRAFT,PMD_fef24cff-756c-49bd-8b2d-ae055a67d175,Incorrect_Bootfile2
PMD_eb560019-6133-42dc-80e3-c6e7095c0e2a,DRAFT,PMD_eb560019-6133-42dc-80e3-c6e7095c0e2a,Incorrect_Bootfileint12
PMD_93b62124-81d2-4a0b-8c90-259a35d7327d,1,PMD_93b62124-81d2-4a0b-8c90-259a35d7327d,testIncorrect
PMD_6d3e08d9-7e0a-4c36-88a3-d636a4e06d78,9,PMD_6d3e08d9-7e0a-4c36-88a3-d636a4e06d78,TreatmentplanCI
PMD_72a5b42e-6936-4181-9329-0cdb25b5c262,DRAFT,PMD_72a5b42e-6936-4181-9329-0cdb25b5c262,publish
PMD_402f8d6b-493e-40cf-abef-d45ee4f5d711,DRAFT,PMD_402f8d6b-493e-40cf-abef-d45ee4f5d711,Incorrect_Bootfile_int100
PMD_f65ab57b-5aa4-4aa5-be91-84da88515829,DRAFT,PMD_f65ab57b-5aa4-4aa5-be91-84da88515829,test_dec12_1
PMD_be3e1205-7fca-4cf3-ad63-2c8014e6f7ee,DRAFT,PMD_be3e1205-7fca-4cf3-ad63-2c8014e6f7ee,testdec12016_1
PMD_4949211e-ce0f-4e24-9a55-7f432840f4a4,1,PMD_4949211e-ce0f-4e24-9a55-7f432840f4a4,testdec12016_2
PMD_74e93b9c-e4b6-471f-844f-8f91903f474f,DRAFT,PMD_74e93b9c-e4b6-471f-844f-8f91903f474f,Incorrect_Bootfile
PMD_73ca1857-e965-492b-bcb4-7edce91c75e2,DRAFT,PMD_73ca1857-e965-492b-bcb4-7edce91c75e2,testIncorrect
PMD_ea7d083b-1be6-4f2e-bd91-f8377dc69fe1,DRAFT,PMD_ea7d083b-1be6-4f2e-bd91-f8377dc69fe1,TimerTest
PMD_a6cffbe5-e5cc-4811-8e6a-398d2e60c1f5,1,PMD_a6cffbe5-e5cc-4811-8e6a-398d2e60c1f5,Incorrect_Bootfile_Latest
PMD_3133306d-cb0f-45d5-90a3-1175ede5756b,2,PMD_3133306d-cb0f-45d5-90a3-1175ede5756b,ValidateUIControls
PMD_8420d9cc-b84f-4ba1-b424-f1146582f9df,3,PMD_8420d9cc-b84f-4ba1-b424-f1146582f9df,ValidateUIControls
PMD_96b75f5d-3aa4-4ef2-a908-606e84f5b2a1,6,PMD_96b75f5d-3aa4-4ef2-a908-606e84f5b2a1,ValidateUIControls
PMD_67444a4f-703f-4697-aa0c-411eb2c2884a,2,PMD_67444a4f-703f-4697-aa0c-411eb2c2884a,Incorrect_Bootfile_Latest
PMD_d09694b0-2342-4e68-9587-f8ec7e5111a0,3,PMD_d09694b0-2342-4e68-9587-f8ec7e5111a0,Incorrect_Bootfile_Latest
PMD_89c10f17-b652-480b-9ad6-a6e7c1b748f3,4,PMD_89c10f17-b652-480b-9ad6-a6e7c1b748f3,Incorrect_Bootfile_Latest
PMD_6f590062-2ebe-4895-93c1-d340379bbcff,1,PMD_6f590062-2ebe-4895-93c1-d340379bbcff,Call_Treatmentplan
PMD_a229515c-d963-4dd6-bddb-70c11afef4e0,1,PMD_a229515c-d963-4dd6-bddb-70c11afef4e0,End_Value
PMD_48d68087-1ee7-4218-8e56-1e5d5c98b697,1,PMD_48d68087-1ee7-4218-8e56-1e5d5c98b697,Download_Pdf
PMD_6857e40d-c444-4542-8c36-7a3dc62a9df5,3,PMD_6857e40d-c444-4542-8c36-7a3dc62a9df5,Ported_TN1
PMD_d83ebcbc-4082-4903-81f2-72eb6c16b5d1,1,PMD_d83ebcbc-4082-4903-81f2-72eb6c16b5d1,Seasonal_Temp_TP
PMD_debc5dd8-8c80-48ef-9624-e2a459560457,1,PMD_debc5dd8-8c80-48ef-9624-e2a459560457,DownloadtheMyAccountApp_Latest
PMD_f9931ec5-47c6-47a6-a83b-21602c004561,1,PMD_f9931ec5-47c6-47a6-a83b-21602c004561,SoftDisconnectShell
PMD_84ff0cf4-de61-4f4f-a2db-cf8b97aee7fc,5,PMD_84ff0cf4-de61-4f4f-a2db-cf8b97aee7fc,Incorrect_Bootfile_Latest
PMD_dc9c8093-4d70-49ff-9edb-4062c565ad6d,1,PMD_dc9c8093-4d70-49ff-9edb-4062c565ad6d,testing tp
PMD_1d5d3704-e8c1-4c81-a50c-a78774c17395,1,PMD_1d5d3704-e8c1-4c81-a50c-a78774c17395,portedCDV
PMD_08594cc5-bac6-452b-9c2e-343861cbef4f,1,PMD_08594cc5-bac6-452b-9c2e-343861cbef4f,CreateTreatmentPlan
PMD_4e49172e-98ff-43be-bcc4-9e2a9a1976f4,1,PMD_4e49172e-98ff-43be-bcc4-9e2a9a1976f4,Testing_new
PMD_2c7b3ed4-14c6-4338-9acc-6abad8356c0d,6,PMD_2c7b3ed4-14c6-4338-9acc-6abad8356c0d,Incorrect_Bootfile_Latest
null,1,PMD_512b5a7a-c95f-4633-ada0-5fe01c81e3d5,mismatch_device
null,1,PMD_82cd1ab1-e782-4a1a-9f13-55b8f64d7312,TestST1
PMD_1d6e758a-fa07-4443-a039-4bbc2bd3b23d,8,PMD_1d6e758a-fa07-4443-a039-4bbc2bd3b23d,Ported_TN1
PMD_dff495f3-f406-4d30-b462-77e65e4f383d,19,PMD_dff495f3-f406-4d30-b462-77e65e4f383d,Incorrect_Bootfile_New
PMD_c54a845f-733e-49eb-baea-10758f1c9aff,22,PMD_c54a845f-733e-49eb-baea-10758f1c9aff,Incorrect_Bootfile_New
PMD_cb6411c9-d0f8-4b1a-9676-fa6ff0b1083e,24,PMD_cb6411c9-d0f8-4b1a-9676-fa6ff0b1083e,Incorrect_Bootfile_New
PMD_6defac03-5629-4892-9b12-8ecace31e03a,2,PMD_6defac03-5629-4892-9b12-8ecace31e03a,featureReconcile1
PMD_a405bd50-e1e3-4d2e-ac19-91f7e093c0ce,7,PMD_a405bd50-e1e3-4d2e-ac19-91f7e093c0ce,Incorrect_Bootfile_New1
PMD_2ea07075-c1de-448d-b216-8b86ce1b603f,1,PMD_2ea07075-c1de-448d-b216-8b86ce1b603f,Basic_TP
null,1,PMD_0aa4dcd8-ef6f-4675-b31e-84551d4be8b9,TestNew
PMD_2f837fc7-5838-438e-9602-91c70ffc7596,8,PMD_2f837fc7-5838-438e-9602-91c70ffc7596,sensorLowBattery
PMD_a4db5d90-6c8b-4354-b167-3d144b395ea8,9,PMD_a4db5d90-6c8b-4354-b167-3d144b395ea8,sensorLowBattery
PMD_b870ca44-3543-4315-8c90-192bd5ed82f8,10,PMD_b870ca44-3543-4315-8c90-192bd5ed82f8,sensorLowBattery
PMD_bd21d87c-5389-48ce-8fa2-f3cecd5554d3,11,PMD_bd21d87c-5389-48ce-8fa2-f3cecd5554d3,sensorLowBattery
PMD_30364445-b611-4c23-8cf7-da2b4b601781,12,PMD_30364445-b611-4c23-8cf7-da2b4b601781,sensorLowBattery
PMD_f4ea0eef-7934-4246-ba03-b5205187b284,13,PMD_f4ea0eef-7934-4246-ba03-b5205187b284,sensorLowBattery
PMD_3a50fdf6-b96e-41f0-91a9-00e7240bcbfc,14,PMD_3a50fdf6-b96e-41f0-91a9-00e7240bcbfc,sensorLowBattery
PMD_d759d128-5e8d-444a-a0c1-ee2e0c5f8351,15,PMD_d759d128-5e8d-444a-a0c1-ee2e0c5f8351,sensorLowBattery
PMD_050d5bda-acb8-48a5-a3ac-dca63f469035,16,PMD_050d5bda-acb8-48a5-a3ac-dca63f469035,sensorLowBattery
PMD_09ae8446-839a-45da-984e-3437e60b4f28,17,PMD_09ae8446-839a-45da-984e-3437e60b4f28,sensorLowBattery
PMD_cf69a736-e0ea-4c48-b556-a33c276808d1,18,PMD_cf69a736-e0ea-4c48-b556-a33c276808d1,sensorLowBattery
PMD_9c79d8c9-78d8-4b20-b335-9111ab9d4448,19,PMD_9c79d8c9-78d8-4b20-b335-9111ab9d4448,sensorLowBattery
PMD_c4ef8c51-369d-4c1e-95bd-9e12369c7e30,20,PMD_c4ef8c51-369d-4c1e-95bd-9e12369c7e30,sensorLowBattery
PMD_a9d75f50-88f8-4bee-9a94-0b545d173808,21,PMD_a9d75f50-88f8-4bee-9a94-0b545d173808,sensorLowBattery
PMD_77f173da-c19d-40e8-8dfb-1dc7ca60738c,22,PMD_77f173da-c19d-40e8-8dfb-1dc7ca60738c,sensorLowBattery
PMD_1c7149fe-d782-408b-87d6-b3ff08c01bae,23,PMD_1c7149fe-d782-408b-87d6-b3ff08c01bae,sensorLowBattery
PMD_20d1f0f7-0ce2-419b-b5a7-5910389e4b62,24,PMD_20d1f0f7-0ce2-419b-b5a7-5910389e4b62,sensorLowBattery
PMD_2f7c0497-8aa9-409d-8bee-217a1b7a4acc,1,PMD_2f7c0497-8aa9-409d-8bee-217a1b7a4acc,ReturnIfMissing
PMD_8a2557ea-19e6-4a2b-bc11-31b7074f0cec,5,PMD_8a2557ea-19e6-4a2b-bc11-31b7074f0cec,FeatureReconcile1
PMD_8f9ade82-89bb-4d8a-b1e3-c04b4a5cbc92,6,PMD_8f9ade82-89bb-4d8a-b1e3-c04b4a5cbc92,FeatureReconcile1
PMD_fe7bad77-10af-4ce4-a0a8-fd2c79827eb5,7,PMD_fe7bad77-10af-4ce4-a0a8-fd2c79827eb5,FeatureReconcile1
PMD_4325d8c5-fe70-415d-9806-daf0d0e53342,1,PMD_4325d8c5-fe70-415d-9806-daf0d0e53342,FeatureAutoReconcile
PMD_beaae974-5c87-4dcd-a914-6f1435e2310b,1,PMD_beaae974-5c87-4dcd-a914-6f1435e2310b,Feature_Reconcile_International
PMD_b20007b9-c0e1-44dd-a2a5-d4d6dbaf6513,2,PMD_b20007b9-c0e1-44dd-a2a5-d4d6dbaf6513,Feature_Reconcile_Auto
PMD_73b61a8e-54e1-470d-961e-10f9fee8e4ca,1,PMD_73b61a8e-54e1-470d-961e-10f9fee8e4ca,Feature_Reconcile_Auto
PMD_a22cbf34-6da2-435e-a6aa-4e3bba15ffb4,1,PMD_a22cbf34-6da2-435e-a6aa-4e3bba15ffb4,Device_Incorrect_Bootfile
PMD_9dbb2d6c-ad14-433f-a5b1-83ff3ccc1019,3,PMD_9dbb2d6c-ad14-433f-a5b1-83ff3ccc1019,Feature_Reconcile_Auto
PMD_1ca54cdb-9364-4faf-b90c-66a4cef024ee,1,PMD_1ca54cdb-9364-4faf-b90c-66a4cef024ee,Sensor_Low_Battery
PMD_f13614fb-baae-4540-9393-ffbab08f3bb7,1,PMD_f13614fb-baae-4540-9393-ffbab08f3bb7,TestLoop1
PMD_84c134c4-4e80-43d0-a640-7fadebfec858,1,PMD_84c134c4-4e80-43d0-a640-7fadebfec858,TestLoopNew
PMD_00e02382-7a38-45e4-b766-9516966b308e,1,PMD_00e02382-7a38-45e4-b766-9516966b308e,TestLoopNew2
PMD_6bddc8fd-a450-40c2-9bcc-6ec15e27cb9d,1,PMD_6bddc8fd-a450-40c2-9bcc-6ec15e27cb9d,DecisionTest
PMD_aff0c2bb-75fb-4458-8e4d-264bdc929e64,1,PMD_aff0c2bb-75fb-4458-8e4d-264bdc929e64,TestApi
PMD_c59546e3-64b0-439b-ac42-eb1039790000,1,PMD_c59546e3-64b0-439b-ac42-eb1039790000,TestApiLoop
PMD_f5e34c53-99d7-46a4-9da5-7f8a63f2d0cb,1,PMD_f5e34c53-99d7-46a4-9da5-7f8a63f2d0cb,TimerTask
PMD_24e07fae-abef-4d98-8225-808ba3bb811d,1,PMD_24e07fae-abef-4d98-8225-808ba3bb811d,Testsubprocess
PMD_baab4fe7-af16-41fb-8f4e-ba2524ae3f81,1,PMD_baab4fe7-af16-41fb-8f4e-ba2524ae3f81,testingAuditsummary
PMD_e3226813-c65a-4034-8021-d73d2642de97,2,PMD_e3226813-c65a-4034-8021-d73d2642de97,Sensor_Low_Battery
PMD_c90a427c-39f5-4d47-961f-1073d31d7ffc,3,PMD_c90a427c-39f5-4d47-961f-1073d31d7ffc,Sensor_Low_Battery
PMD_586577a7-883b-4a17-bf22-f852a8d9ac1e,DRAFT,PMD_586577a7-883b-4a17-bf22-f852a8d9ac1e,testing_servicetask
PMD_b382a313-909e-4fec-a58c-d356b74a71e4,4,PMD_b382a313-909e-4fec-a58c-d356b74a71e4,Feature_Reconcile_Auto
PMD_e01ec1a0-8efb-4666-b264-85ff1c9c775a,1,PMD_e01ec1a0-8efb-4666-b264-85ff1c9c775a,servicetask_testing
PMD_f0a68979-c77e-4008-9199-990278506f33,DRAFT,PMD_f0a68979-c77e-4008-9199-990278506f33,NameTest
PMD_4df7939a-b58b-4f4b-bc3e-0c9d8b00bd19,5,PMD_4df7939a-b58b-4f4b-bc3e-0c9d8b00bd19,Feature_Reconcile_Auto
PMD_7f429f83-78e1-49a3-8e51-304a744d9614,5,PMD_7f429f83-78e1-49a3-8e51-304a744d9614,Sensor_Low_Battery
PMD_ffaff6a1-abd3-4b31-bc48-335f97729519,6,PMD_ffaff6a1-abd3-4b31-bc48-335f97729519,Feature_Reconcile_Auto
PMD_7cf44797-d7d5-410e-9dd0-e5be401e3f6a,7,PMD_7cf44797-d7d5-410e-9dd0-e5be401e3f6a,Feature_Reconcile_Auto
PMD_14e90e57-7454-4769-9b3b-816ffb87e2e4,8,PMD_14e90e57-7454-4769-9b3b-816ffb87e2e4,Feature_Reconcile_Auto
PMD_592c0209-fe2e-4cd0-9ee5-160fafcbdcb3,4,PMD_592c0209-fe2e-4cd0-9ee5-160fafcbdcb3,Sensor_Low_Battery
PMD_a8e50e35-a16b-4227-a539-cdcd5d448e7c,1,PMD_a8e50e35-a16b-4227-a539-cdcd5d448e7c,GridImplementation
PMD_c6c8d800-8c8f-435a-ba0b-ff73c30cd624,6,PMD_c6c8d800-8c8f-435a-ba0b-ff73c30cd624,Sensor_Low_Battery
PMD_ed373e13-e66a-4e9c-b35f-f42f0caa0089,1,PMD_ed373e13-e66a-4e9c-b35f-f42f0caa0089,GridImplementation2
PMD_312a6def-d771-44d0-a66e-9236d33d0614,9,PMD_312a6def-d771-44d0-a66e-9236d33d0614,Feature_Reconcile_Auto
PMD_428bcc0f-203d-4bbb-9db3-5c367c754251,11,PMD_428bcc0f-203d-4bbb-9db3-5c367c754251,Feature_Reconcile_Auto
PMD_74839af7-f0fd-475a-a8a1-6394b03e14cd,DRAFT,PMD_74839af7-f0fd-475a-a8a1-6394b03e14cd,GridImplementation21
PMD_a1d4d7a4-ee6a-4850-91a4-392a7dd7d04c,1,PMD_a1d4d7a4-ee6a-4850-91a4-392a7dd7d04c,GridImplementation2new
PMD_180adc9c-e681-497f-8d6d-20abfc7c64d3,3,PMD_180adc9c-e681-497f-8d6d-20abfc7c64d3,Feature_Reconcile_International
PMD_e902f590-c9e1-44e5-b39e-e67b3fc85426,1,PMD_e902f590-c9e1-44e5-b39e-e67b3fc85426,GridImplementation3
PMD_3b96be0d-4254-4b0d-881b-0ec3fc729f23,4,PMD_3b96be0d-4254-4b0d-881b-0ec3fc729f23,Feature_Reconcile_International
PMD_2ac71358-d00b-4981-ad98-d103e71393ec,5,PMD_2ac71358-d00b-4981-ad98-d103e71393ec,Feature_Reconcile_International
PMD_c48feabe-4674-4905-b78e-f45f2069f1ea,1,PMD_c48feabe-4674-4905-b78e-f45f2069f1ea,LoopCheck
PMD_285cdb49-e182-44b6-8bbe-1bfeb6698ce5,1,PMD_285cdb49-e182-44b6-8bbe-1bfeb6698ce5,LoopCheck30
PMD_7556f238-8fdd-401f-a21b-c85a70d6930d,1,PMD_7556f238-8fdd-401f-a21b-c85a70d6930d,GridImplementation30
PMD_ff141ccc-c785-4d1c-b84d-b0f79185ce2c,1,PMD_ff141ccc-c785-4d1c-b84d-b0f79185ce2c,GridImplementation30new
PMD_bd2ee1ec-6bd0-44d3-adb5-166ee02eeb35,1,PMD_bd2ee1ec-6bd0-44d3-adb5-166ee02eeb35,Grid1
PMD_c3c43b46-2a4c-40af-a8f0-63f0d51bac0e,1,PMD_c3c43b46-2a4c-40af-a8f0-63f0d51bac0e,Gridflow
PMD_d6a659cb-113a-491f-a814-f6e5bb4377a3,DRAFT,PMD_d6a659cb-113a-491f-a814-f6e5bb4377a3,labelRef
PMD_54d740e5-02d8-4d3e-9803-d073e022306d,1,PMD_54d740e5-02d8-4d3e-9803-d073e022306d,aaa
PMD_ed862c17-4477-4074-819c-82283cc20733,1,PMD_ed862c17-4477-4074-819c-82283cc20733,LoopSpace
PMD_ddfbcec0-9064-4750-b749-d8652c501bcc,1,PMD_ddfbcec0-9064-4750-b749-d8652c501bcc,LoopSpaceNew
PMD_f06e8fad-a444-4aff-a74c-e01f4d30c1ad,1,PMD_f06e8fad-a444-4aff-a74c-e01f4d30c1ad,LoopLogicNew
PMD_3b96c5c6-8ea9-4ee1-b5e3-f36521f5179f,1,PMD_3b96c5c6-8ea9-4ee1-b5e3-f36521f5179f,LoopLikeOper
PMD_6e65be22-953f-4739-8a20-73d7fc4babb6,1,PMD_6e65be22-953f-4739-8a20-73d7fc4babb6,LoopLikeNew
PMD_5764119f-0334-40e7-b4b9-6d576ea9acb3,1,PMD_5764119f-0334-40e7-b4b9-6d576ea9acb3,LikeLoop
PMD_433dd166-4246-4eb2-bf3c-7b4378f1e0a8,6,PMD_433dd166-4246-4eb2-bf3c-7b4378f1e0a8,Feature_Reconcile_International
PMD_5e785838-9ce8-4a2a-bada-6f95c165c2a0,7,PMD_5e785838-9ce8-4a2a-bada-6f95c165c2a0,Feature_Reconcile_International
PMD_9ea61f49-8b6f-4754-8584-3e0e0bfffd16,8,PMD_9ea61f49-8b6f-4754-8584-3e0e0bfffd16,Feature_Reconcile_International
PMD_34d5ebdd-1e70-4590-b322-31b4ef5ad5a3,9,PMD_34d5ebdd-1e70-4590-b322-31b4ef5ad5a3,Feature_Reconcile_International
PMD_5c35ccb1-8691-4212-a71e-728bce3a70ad,13,PMD_5c35ccb1-8691-4212-a71e-728bce3a70ad,Feature_Reconcile_International
PMD_3779ba72-ba59-48a4-955b-d019b18ceb00,7,PMD_3779ba72-ba59-48a4-955b-d019b18ceb00,Sensor_Low_Battery
PMD_67d84e0f-7c0a-4615-920d-153b880fa2ef,2,PMD_67d84e0f-7c0a-4615-920d-153b880fa2ef,Feature_Reconcile_International
PMD_f1ad7416-643e-41a5-ab72-7bb3e784e33c,1,PMD_f1ad7416-643e-41a5-ab72-7bb3e784e33c,Ported_TN_Issue
PMD_4eb385bb-5196-46fa-863f-1180619826a2,2,PMD_4eb385bb-5196-46fa-863f-1180619826a2,Ported_TN_Issue
PMD_3c94c22d-44b3-4978-bd43-2979dbc0e2d8,3,PMD_3c94c22d-44b3-4978-bd43-2979dbc0e2d8,Ported_TN_Issue
PMD_1450e07a-72a1-4e0a-a255-4ee486affa33,4,PMD_1450e07a-72a1-4e0a-a255-4ee486affa33,Ported_TN_Issue
PMD_44801c59-d738-49c4-8f7b-906dc22dd45c,5,PMD_44801c59-d738-49c4-8f7b-906dc22dd45c,Ported_TN_Issue
PMD_6cb5e7c2-ccdf-429c-8256-8bc73ac30a3c,7,PMD_6cb5e7c2-ccdf-429c-8256-8bc73ac30a3c,Ported_TN_Issue
PMD_6a4cce97-e922-43a2-8e31-aa7a982efd8d,DRAFT,PMD_6a4cce97-e922-43a2-8e31-aa7a982efd8d,Training
PMD_0f5992ff-1b9d-4472-8138-0115ed72bdc2,DRAFT,PMD_0f5992ff-1b9d-4472-8138-0115ed72bdc2,Traiining
PMD_7555c05e-afd4-4b4a-9242-4dc115126638,1,PMD_7555c05e-afd4-4b4a-9242-4dc115126638,CreateTreamentPlan
PMD_5d0c8053-dbf7-47c4-98b3-e6483079f867,1,PMD_5d0c8053-dbf7-47c4-98b3-e6483079f867,TestWorkflow
PMD_f4f0ab3f-545b-471c-87ee-235c8bcdb07d,1,PMD_f4f0ab3f-545b-471c-87ee-235c8bcdb07d,Treatmentplantest
PMD_73b2a82c-0daf-49cc-aaa2-596724956403,1,PMD_73b2a82c-0daf-49cc-aaa2-596724956403,Regressiontreatmentplan
PMD_28be56cf-bc9a-4673-a19f-f24ff1c79839,1,PMD_28be56cf-bc9a-4673-a19f-f24ff1c79839,editflow
PMD_c4dda9c6-4843-492e-b059-f17bf073530b,5,PMD_c4dda9c6-4843-492e-b059-f17bf073530b,cdvReconcile
PMD_a7aacfb9-8e9a-4cab-bba0-827b76a0ed14,6,PMD_a7aacfb9-8e9a-4cab-bba0-827b76a0ed14,cdvReconcile
PMD_7f1d81a7-b93d-4026-ad1c-97ada0761dc7,7,PMD_7f1d81a7-b93d-4026-ad1c-97ada0761dc7,cdvReconcile
PMD_25ef75ac-2be3-4f26-8fa6-8933e135cc14,8,PMD_25ef75ac-2be3-4f26-8fa6-8933e135cc14,cdvReconcile
PMD_cea3353c-68e5-4b78-9a5c-222c962e1f26,11,PMD_cea3353c-68e5-4b78-9a5c-222c962e1f26,cdvReconcile
PMD_994e0e28-354d-42fd-9526-2646526cf666,1,PMD_994e0e28-354d-42fd-9526-2646526cf666,subprocessexecution
PMD_e7242606-c5d5-40e8-90d9-2d96c8e67d46,1,PMD_e7242606-c5d5-40e8-90d9-2d96c8e67d46,treatmentplansubprocess
PMD_a32df591-e6bf-415b-bab5-8524d07edeaf,12,PMD_a32df591-e6bf-415b-bab5-8524d07edeaf,cdvReconcile
PMD_509f9bc9-35d3-4a5e-b69b-38524ae0fcbf,10,PMD_509f9bc9-35d3-4a5e-b69b-38524ae0fcbf,Ported_TN1
PMD_908d7468-8db1-41e0-a8fa-e8ec647c4433,18,PMD_908d7468-8db1-41e0-a8fa-e8ec647c4433,Incorrect_Bootfile_New
PMD_6d830c08-07f0-44b2-ad2a-a7a1f63fa3fe,20,PMD_6d830c08-07f0-44b2-ad2a-a7a1f63fa3fe,Incorrect_Bootfile_New
PMD_5556caff-2b68-4813-9614-c4c7d6f62c7c,23,PMD_5556caff-2b68-4813-9614-c4c7d6f62c7c,Incorrect_Bootfile_New
PMD_79ed95bd-44c8-4fc9-a9e7-51bb1ef88e8f,25,PMD_79ed95bd-44c8-4fc9-a9e7-51bb1ef88e8f,Incorrect_Bootfile_New
PMD_585a2281-ccbe-4d35-951f-7899dcc02f6e,26,PMD_585a2281-ccbe-4d35-951f-7899dcc02f6e,Incorrect_Bootfile_New
PMD_21ea14bb-aed7-4359-9980-3e806cf61cc1,27,PMD_21ea14bb-aed7-4359-9980-3e806cf61cc1,Incorrect_Bootfile_New
PMD_499b6ba4-1d11-4e53-8bca-b42ca90b00ac,DRAFT,PMD_499b6ba4-1d11-4e53-8bca-b42ca90b00ac,Incorrect_Bootfile_New
PMD_fd7018a9-a99a-44f7-8534-67691ca3b2c7,1,PMD_fd7018a9-a99a-44f7-8534-67691ca3b2c7,Incorrect_Bootfile_New1
PMD_91945077-43cb-437f-82a8-320b14298589,2,PMD_91945077-43cb-437f-82a8-320b14298589,Incorrect_Bootfile_New1
PMD_f2cd3a0e-2f5f-4396-a87e-aa5a165e9274,1,PMD_f2cd3a0e-2f5f-4396-a87e-aa5a165e9274,featureReconcile1
PMD_2f2320bd-5584-49c9-a6c4-6f20b80eea31,3,PMD_2f2320bd-5584-49c9-a6c4-6f20b80eea31,featureReconcile1
PMD_9e6a2a72-e967-44a3-98f8-a583b6f9c777,4,PMD_9e6a2a72-e967-44a3-98f8-a583b6f9c777,featureReconcile1
PMD_9c83be77-8585-4e2b-aa8e-082ae19349de,1,PMD_9c83be77-8585-4e2b-aa8e-082ae19349de,FeatureReconcile1
PMD_13dfee23-5c24-4f25-889f-3a5c049c052b,2,PMD_13dfee23-5c24-4f25-889f-3a5c049c052b,FeatureReconcile1
PMD_2024f16c-9155-494e-8875-9d1005f20c8e,3,PMD_2024f16c-9155-494e-8875-9d1005f20c8e,FeatureReconcile1
PMD_22f7c38e-5a63-4dcb-aec1-45427b402678,4,PMD_22f7c38e-5a63-4dcb-aec1-45427b402678,FeatureReconcile1
PMD_49e63639-4f72-40aa-beff-b8e0f515c957,3,PMD_49e63639-4f72-40aa-beff-b8e0f515c957,Incorrect_Bootfile_New1
PMD_22889b8e-2e90-49cc-a697-db836b35b94c,4,PMD_22889b8e-2e90-49cc-a697-db836b35b94c,Incorrect_Bootfile_New1
PMD_4d2ed367-02d2-4ee2-8bd0-e4abde2abc05,5,PMD_4d2ed367-02d2-4ee2-8bd0-e4abde2abc05,Incorrect_Bootfile_New1
PMD_31be0760-5b80-4437-b445-619cd583f278,6,PMD_31be0760-5b80-4437-b445-619cd583f278,Incorrect_Bootfile_New1
PMD_99350737-1105-494f-be5b-f096debca561,1,PMD_99350737-1105-494f-be5b-f096debca561,sensorLowBattery
PMD_0b30f24c-4e1d-4b54-8d1f-424fadc3bbc2,2,PMD_0b30f24c-4e1d-4b54-8d1f-424fadc3bbc2,sensorLowBattery
PMD_80034a0d-e862-4edb-872e-0287fadef5eb,3,PMD_80034a0d-e862-4edb-872e-0287fadef5eb,sensorLowBattery
PMD_3b2342f4-b3a1-48c8-a4a0-45146344dd9c,4,PMD_3b2342f4-b3a1-48c8-a4a0-45146344dd9c,sensorLowBattery
PMD_083051f9-079b-4427-8b17-850c15960f28,5,PMD_083051f9-079b-4427-8b17-850c15960f28,sensorLowBattery
PMD_5b693852-69b9-4026-ada8-7dc2bbff6f6e,6,PMD_5b693852-69b9-4026-ada8-7dc2bbff6f6e,sensorLowBattery
PMD_621a981b-8096-4f6d-9e57-40756fd9a268,7,PMD_621a981b-8096-4f6d-9e57-40756fd9a268,sensorLowBattery
PMD_7bc6c785-5948-48f2-8e98-2bc7eb4dfbaf,1,PMD_7bc6c785-5948-48f2-8e98-2bc7eb4dfbaf,TC395530
PMD_d2647496-7295-405e-b59b-845cc2b8a95c,1,PMD_d2647496-7295-405e-b59b-845cc2b8a95c,TC399174
PMD_d7bea3e6-5cdc-4661-98a3-59c2a3c13a83,1,PMD_d7bea3e6-5cdc-4661-98a3-59c2a3c13a83,testing_defect
PMD_ef54acb9-0f09-414b-ab8a-466b15bc4b4e,14,PMD_ef54acb9-0f09-414b-ab8a-466b15bc4b4e,Feature_Reconcile_International
PMD_7a4d9ba4-167c-4e86-b385-eb335d7b3500,15,PMD_7a4d9ba4-167c-4e86-b385-eb335d7b3500,Feature_Reconcile_International
PMD_e12c1851-f66c-4bac-bef5-eed4562b94e5,16,PMD_e12c1851-f66c-4bac-bef5-eed4562b94e5,Feature_Reconcile_International
PMD_afb0e9f3-9747-45d0-a6de-ad85333a6e2d,17,PMD_afb0e9f3-9747-45d0-a6de-ad85333a6e2d,Feature_Reconcile_International
